<?xml version="1.0" encoding="UTF-8" standalone="yes"?>
<addon id="plugin.program.fatfarley" name="[B][COLOR dodgerblue]FatFarley[/COLOR][/B] Wizard" version="1.6" provider-name="FatFarley">
	<requires>
		<import addon="xbmc.python" version="3.0.0"/>
	</requires>
	<extension point="xbmc.python.pluginsource" library="addon.py">
		<provides>executable</provides>
	</extension>
	<extension point="xbmc.service" library="service.py" />
	<extension point="xbmc.addon.metadata">
		<summary lang="en_GB">[COLOR dodgerblue]FatFarley[/COLOR] Wizard</summary>
		<description lang="en_GB">Wizard for installing Kodi builds.</description>
		<disclaimer lang="en_GB">[CR][COLOR blue]This is still beta![CR][COLOR aqua]So no bitching, ASSHOLES![/COLOR]</disclaimer>
		<language>en</language>
		<platform>all</platform>
		<license>GPL-2.0-or-later</license>
		<forum></forum>
		<website></website> 
		<email></email>
		<source></source>
		<news>Kodi 19 updated to python 3. So I had to change the wizard to be compatible, so it's still not perfect.</news>
		<assets>
				<icon>resources/icon.png</icon>
				<fanart>resources/fanart.jpg</fanart>
				<banner></banner>
				<clearlogo></clearlogo>
	<screenshot>resources/screenshots/1.png</screenshot>
        <screenshot>resources/screenshots/2.png</screenshot>
        <screenshot>resources/screenshots/3.png</screenshot>
		</assets>
	</extension>
</addon>
