<?xml version="1.5" encoding="UTF-8"?>
    <builds>
    	
        <build name = "Fat's build">
            <version>1.5</version>
            <url>https://www.dropbox.com/s/80fn0ernr7a17nx/fatfarleykodi.zip?dl=1</url>
            <icon>http://mybuild1.com/icon.png</icon>
            <fanart>http://mybuild1.com/fanart.jpg</fanart>
            <description>This is beta, so no bitching!</description>
        </build>
        
        <build name = "Test">
            <version>1.0</version>
            <url>http://myhost.com/mybuild2.zip</url>
            <icon>http://myhost.com/icon.png</icon>
            <fanart>http://myhost.com/fanart.jpg</fanart>
            <description>Coming Soon.</description>
        </build>
        
    </builds>
