<?xml version="1.0" encoding="UTF-8" standalone="yes"?>
<addon id="plugin.program.fatfarley" name="[B][COLOR dodgerblue]FatFarley[/COLOR][/B] Wizard" version="1.4" provider-name="FatFarley">
  <requires>
    <import addon="xbmc.python" version="2.1.0"/>
  </requires>
  <extension point="xbmc.python.pluginsource" library="default.py">
    <provides>executable</provides>
  </extension>
  <extension point="xbmc.service" library="startup.py" start="startup" />
  <extension point="xbmc.addon.metadata">
    <summary lang="en">[COLOR dodgerblue]FatFarley[/COLOR] Wizard</summary>
    <description lang="en">[COLOR dodgerblue]FatFarley[/COLOR] Wizard offers many maintenance features, selective add-on data saving, and automated build installs. [CR][COLOR blue]This is still beta![CR][COLOR aqua]So no bitching, ASSHOLES![/COLOR]</description>
    <platform>all</platform>
    <assets>
        <icon>icon.png</icon>
        <fanart>fanart.jpg</fanart>
        <screenshot>resources/screenshots/1.png</screenshot>
        <screenshot>resources/screenshots/2.png</screenshot>
        <screenshot>resources/screenshots/3.png</screenshot>
    </assets>
  </extension>
</addon>
