<?xml version="1.0" encoding="UTF-8" standalone="yes"?>
<addon id="repository.fatfarley" name="FatFarley Wizard" version="1.0.0" provider-name="fatfarley">
	<extension point="xbmc.addon.repository" name="FatFarley Wizard">
		<dir>
            <info compressed="false">https://raw.githubusercontent.com/fatfarley/wizard/master/zips/addons.xml</info>
            <checksum>https://raw.githubusercontent.com/fatfarley/wizard/master/zips/addons.xml.md5</checksum>
            <datadir zip="true">https://raw.githubusercontent.com/fatfarley/wizard/master/zips/</datadir>
        </dir>
	</extension>
	<extension point="xbmc.addon.metadata">
		<summary>FatFarley Wizard</summary>
		<description>[B]Best Kodi Builds[/B] for Amazon Firestick / Fire TV / Fire Cube, Android, Nvidia Shield TV, Windows / Mac / Linux Computers, Xbox One, iPhone, iPad and many more.[CR][COLOR blue]This is still beta![CR][COLOR aqua]So NO bitching![/COLOR]</description>
		<disclaimer></disclaimer>
		<platform>all</platform>
        <assets>
            <icon>icon.png</icon>
            <fanart>fanart.jpg</fanart>
        </assets>
	</extension>
</addon>
