{
	"builds": [
		{
			"name": "Fat's Build",
			"version": "1.0",
			"url": "https://www.dropbox.com/s/80fn0ernr7a17nx/fatfarleykodi.zip?dl=1",
			"icon": "http://",
			"fanart": "http://",
			"description": "The first build. You need a comma after the curly bracket if this is not the last build."
		},
		{
			"name": "Build 2",
			"version": "1.0",
			"url": "http://",
			"icon": "http://",
			"fanart": "http://",
			"description": "The second build. No comma after the curly bracket if this is the last build."
		}
	]
}
